split,label,member,label_id
Test,Almonds 1,fruits-360/Test/Almonds 1/r0_11_100.jpg,0
Test,Almonds 1,fruits-360/Test/Almonds 1/r0_123_100.jpg,0
Test,Almonds 1,fruits-360/Test/Almonds 1/r0_127_100.jpg,0
Test,Almonds 1,fruits-360/Test/Almonds 1/r0_131_100.jpg,0
Test,Apple 10,fruits-360/Test/Apple 10/r0_103_100.jpg,1
Test,Apple 10,fruits-360/Test/Apple 10/r0_107_100.jpg,1
Test,Apple 10,fruits-360/Test/Apple 10/r0_111_100.jpg,1
Test,Apple 10,fruits-360/Test/Apple 10/r0_115_100.jpg,1
Test,Apple 11,fruits-360/Test/Apple 11/r0_103_100.jpg,2
Test,Apple 11,fruits-360/Test/Apple 11/r0_107_100.jpg,2
Test,Apple 11,fruits-360/Test/Apple 11/r0_111_100.jpg,2
Test,Apple 11,fruits-360/Test/Apple 11/r0_115_100.jpg,2
Test,Apple 12,fruits-360/Test/Apple 12/r0_103_100.jpg,3
Test,Apple 12,fruits-360/Test/Apple 12/r0_107_100.jpg,3
Test,Apple 12,fruits-360/Test/Apple 12/r0_111_100.jpg,3
Test,Apple 12,fruits-360/Test/Apple 12/r0_115_100.jpg,3
Test,Apple 13,fruits-360/Test/Apple 13/r0_103_100.jpg,4
Test,Apple 13,fruits-360/Test/Apple 13/r0_107_100.jpg,4
Test,Apple 13,fruits-360/Test/Apple 13/r0_111_100.jpg,4
Test,Apple 13,fruits-360/Test/Apple 13/r0_115_100.jpg,4
Test,Apple 14,fruits-360/Test/Apple 14/r0_103_100.jpg,5
Test,Apple 14,fruits-360/Test/Apple 14/r0_107_100.jpg,5
Test,Apple 14,fruits-360/Test/Apple 14/r0_111_100.jpg,5
Test,Apple 14,fruits-360/Test/Apple 14/r0_115_100.jpg,5
Test,Apple 17,fruits-360/Test/Apple 17/r0_103_100.jpg,6
Test,Apple 17,fruits-360/Test/Apple 17/r0_107_100.jpg,6
Test,Apple 17,fruits-360/Test/Apple 17/r0_111_100.jpg,6
Test,Apple 17,fruits-360/Test/Apple 17/r0_115_100.jpg,6
Test,Apple 18,fruits-360/Test/Apple 18/r0_103_100.jpg,7
Test,Apple 18,fruits-360/Test/Apple 18/r0_107_100.jpg,7
Test,Apple 18,fruits-360/Test/Apple 18/r0_111_100.jpg,7
Test,Apple 18,fruits-360/Test/Apple 18/r0_115_100.jpg,7
Training,Almonds 1,fruits-360/Training/Almonds 1/r0_0_100.jpg,0
Training,Almonds 1,fruits-360/Training/Almonds 1/r0_100_100.jpg,0
Training,Almonds 1,fruits-360/Training/Almonds 1/r0_101_100.jpg,0
Training,Almonds 1,fruits-360/Training/Almonds 1/r0_102_100.jpg,0
Training,Almonds 1,fruits-360/Training/Almonds 1/r0_104_100.jpg,0
Training,Almonds 1,fruits-360/Training/Almonds 1/r0_105_100.jpg,0
Training,Almonds 1,fruits-360/Training/Almonds 1/r0_106_100.jpg,0
Training,Almonds 1,fruits-360/Training/Almonds 1/r0_108_100.jpg,0
Training,Almonds 1,fruits-360/Training/Almonds 1/r0_109_100.jpg,0
Training,Almonds 1,fruits-360/Training/Almonds 1/r0_10_100.jpg,0
Training,Apple 10,fruits-360/Training/Apple 10/r0_0_100.jpg,1
Training,Apple 10,fruits-360/Training/Apple 10/r0_100_100.jpg,1
Training,Apple 10,fruits-360/Training/Apple 10/r0_101_100.jpg,1
Training,Apple 10,fruits-360/Training/Apple 10/r0_102_100.jpg,1
Training,Apple 10,fruits-360/Training/Apple 10/r0_104_100.jpg,1
Training,Apple 10,fruits-360/Training/Apple 10/r0_105_100.jpg,1
Training,Apple 10,fruits-360/Training/Apple 10/r0_106_100.jpg,1
Training,Apple 10,fruits-360/Training/Apple 10/r0_108_100.jpg,1
Training,Apple 10,fruits-360/Training/Apple 10/r0_109_100.jpg,1
Training,Apple 10,fruits-360/Training/Apple 10/r0_10_100.jpg,1
Training,Apple 11,fruits-360/Training/Apple 11/r0_0_100.jpg,2
Training,Apple 11,fruits-360/Training/Apple 11/r0_100_100.jpg,2
Training,Apple 11,fruits-360/Training/Apple 11/r0_101_100.jpg,2
Training,Apple 11,fruits-360/Training/Apple 11/r0_102_100.jpg,2
Training,Apple 11,fruits-360/Training/Apple 11/r0_104_100.jpg,2
Training,Apple 11,fruits-360/Training/Apple 11/r0_105_100.jpg,2
Training,Apple 11,fruits-360/Training/Apple 11/r0_106_100.jpg,2
Training,Apple 11,fruits-360/Training/Apple 11/r0_108_100.jpg,2
Training,Apple 11,fruits-360/Training/Apple 11/r0_109_100.jpg,2
Training,Apple 11,fruits-360/Training/Apple 11/r0_10_100.jpg,2
Training,Apple 12,fruits-360/Training/Apple 12/r0_0_100.jpg,3
Training,Apple 12,fruits-360/Training/Apple 12/r0_100_100.jpg,3
Training,Apple 12,fruits-360/Training/Apple 12/r0_101_100.jpg,3
Training,Apple 12,fruits-360/Training/Apple 12/r0_102_100.jpg,3
Training,Apple 12,fruits-360/Training/Apple 12/r0_104_100.jpg,3
Training,Apple 12,fruits-360/Training/Apple 12/r0_105_100.jpg,3
Training,Apple 12,fruits-360/Training/Apple 12/r0_106_100.jpg,3
Training,Apple 12,fruits-360/Training/Apple 12/r0_108_100.jpg,3
Training,Apple 12,fruits-360/Training/Apple 12/r0_109_100.jpg,3
Training,Apple 12,fruits-360/Training/Apple 12/r0_10_100.jpg,3
Training,Apple 13,fruits-360/Training/Apple 13/r0_0_100.jpg,4
Training,Apple 13,fruits-360/Training/Apple 13/r0_100_100.jpg,4
Training,Apple 13,fruits-360/Training/Apple 13/r0_101_100.jpg,4
Training,Apple 13,fruits-360/Training/Apple 13/r0_102_100.jpg,4
Training,Apple 13,fruits-360/Training/Apple 13/r0_104_100.jpg,4
Training,Apple 13,fruits-360/Training/Apple 13/r0_105_100.jpg,4
Training,Apple 13,fruits-360/Training/Apple 13/r0_106_100.jpg,4
Training,Apple 13,fruits-360/Training/Apple 13/r0_108_100.jpg,4
Training,Apple 13,fruits-360/Training/Apple 13/r0_109_100.jpg,4
Training,Apple 13,fruits-360/Training/Apple 13/r0_10_100.jpg,4
Training,Apple 14,fruits-360/Training/Apple 14/r0_0_100.jpg,5
Training,Apple 14,fruits-360/Training/Apple 14/r0_100_100.jpg,5
Training,Apple 14,fruits-360/Training/Apple 14/r0_101_100.jpg,5
Training,Apple 14,fruits-360/Training/Apple 14/r0_102_100.jpg,5
Training,Apple 14,fruits-360/Training/Apple 14/r0_104_100.jpg,5
Training,Apple 14,fruits-360/Training/Apple 14/r0_105_100.jpg,5
Training,Apple 14,fruits-360/Training/Apple 14/r0_106_100.jpg,5
Training,Apple 14,fruits-360/Training/Apple 14/r0_108_100.jpg,5
Training,Apple 14,fruits-360/Training/Apple 14/r0_109_100.jpg,5
Training,Apple 14,fruits-360/Training/Apple 14/r0_10_100.jpg,5
Training,Apple 17,fruits-360/Training/Apple 17/r0_0_100.jpg,6
Training,Apple 17,fruits-360/Training/Apple 17/r0_100_100.jpg,6
Training,Apple 17,fruits-360/Training/Apple 17/r0_101_100.jpg,6
Training,Apple 17,fruits-360/Training/Apple 17/r0_102_100.jpg,6
Training,Apple 17,fruits-360/Training/Apple 17/r0_104_100.jpg,6
Training,Apple 17,fruits-360/Training/Apple 17/r0_105_100.jpg,6
Training,Apple 17,fruits-360/Training/Apple 17/r0_106_100.jpg,6
Training,Apple 17,fruits-360/Training/Apple 17/r0_108_100.jpg,6
Training,Apple 17,fruits-360/Training/Apple 17/r0_109_100.jpg,6
Training,Apple 17,fruits-360/Training/Apple 17/r0_10_100.jpg,6
Training,Apple 18,fruits-360/Training/Apple 18/r0_0_100.jpg,7
Training,Apple 18,fruits-360/Training/Apple 18/r0_100_100.jpg,7
Training,Apple 18,fruits-360/Training/Apple 18/r0_101_100.jpg,7
Training,Apple 18,fruits-360/Training/Apple 18/r0_102_100.jpg,7
Training,Apple 18,fruits-360/Training/Apple 18/r0_104_100.jpg,7
Training,Apple 18,fruits-360/Training/Apple 18/r0_105_100.jpg,7
Training,Apple 18,fruits-360/Training/Apple 18/r0_106_100.jpg,7
Training,Apple 18,fruits-360/Training/Apple 18/r0_108_100.jpg,7
Training,Apple 18,fruits-360/Training/Apple 18/r0_109_100.jpg,7
Training,Apple 18,fruits-360/Training/Apple 18/r0_10_100.jpg,7
